{
  "project_info": {
    "project_number": "195325834123",
    "project_id": "cryptando",
    "storage_bucket": "cryptando.appspot.com"
  },
  "client": [
    {
      "client_info": {
        "mobilesdk_app_id": "1:195325834123:android:63c3b6e0078b86eb8af58e",
        "android_client_info": {
          "package_name": "com.example.project1202crypto"
        }
      },
      "oauth_client": [],
      "api_key": [
        {
          "current_key": "AIzaSyD375kVkVuZP7mXiIrDXtzu44Ybdh2-YgU"
        }
      ],
      "services": {
        "appinvite_service": {
          "other_platform_oauth_client": []
        }
      }
    }
  ],
  "configuration_version": "1"
}